x_ifp_mocap,y_ifp_mocap,x_ifp_exo,y_ifp_exo,x_ifd_mocap,y_ifd_mocap,x_ifd_exo,y_ifd_exo,x_tip_mocap,y_tip_mocap,x_tip_exo,y_tip_exo
0.03382872777202875,0.03544879655680812,0.027458956170730638,0.03571577084218847,0.022848158707191646,0.05901629754890192,0.030712022256042498,0.061511459649518145,-0.0007343682114991056,0.06347324988533384,0.013837771054355113,0.07857779043215421
0.03409898728469654,0.035188905441319196,0.027861038187842566,0.03549258811519681,0.024064824979162746,0.059174642595432356,0.03132339104759574,0.06126102059904336,0.0007557644557944186,0.06489195818213493,0.014728841356885378,0.07859944384230699
0.03436689459115687,0.03492730387763008,0.028262926363945243,0.03526454114904188,0.025264915404669942,0.059282056491622256,0.03193468502897674,0.06100396981996941,0.0022846586302803056,0.06620360245933202,0.015625627194844484,0.07861120221358905
0.03463244203752052,0.03466401532595123,0.02866445599760631,0.035031653316940574,0.026445666249861232,0.05934146864274621,0.032545723718401934,0.06074032424484951,0.0038424344904727063,0.06740954858975776,0.0165276296178246,0.07861266772255407
0.034895622200534694,0.03439906323197697,0.029065464251235407,0.03479395200186842,0.027604596783054564,0.059355844842626584,0.03315632878853099,0.060470104893948974,0.0054197289503516224,0.06851180679348146,0.01743435037317979,0.07860348281167934
0.03515642788650939,0.034132471024827145,0.029465790342475318,0.034551468516075136,0.028739495675947326,0.05932816472444675,0.03376632427309666,0.060193336777018484,0.007007717793941819,0.06951294896797278,0.018345292963362868,0.07858332843944754
0.035414852130229144,0.03386426211500857,0.029865275727349615,0.03430423801263848,0.029848406529239632,0.059261401390352644,0.03437553675472641,0.05991004878802549,0.008598129252359463,0.07041602893481644,0.01925996364118729,0.07855192233789307
0.035670888193849955,0.03359445989239678,0.030263764274814038,0.03405229938955042,0.030929612751097853,0.059158503140207874,0.03498379553402133,0.05962027359385736,0.010183249917110795,0.07122450617188993,0.020177872347681765,0.07850901729480825
0.03592454747048719,0.0333230684217512,0.03066110243240836,0.033795695186846435,0.03196523418488148,0.05901983550063539,0.03559093278002977,0.05932404751800308,0.011728586947146898,0.0719224750978453,0.02109853359628999,0.07845439947240104
0.0361758061860001,0.03305012930069952,0.031057139382751613,0.03353447147730295,0.032974890770696284,0.05885234123115367,0.03619678366232685,0.05902141042020916,0.01326131737853441,0.07254084093389128,0.022021467306362362,0.078387886770034
0.036424648421709796,0.032775676764253615,0.0314517271906711,0.03326867775123795,0.033959830604959176,0.05865857986901041,0.036801186464985536,0.05871240557308927,0.014780049093538958,0.07308549849961837,0.022946199588230604,0.07830932723555833
0.036671066153455785,0.032499737032303355,0.03184472094080162,0.03299836679595638,0.03492120589206342,0.058440785373987614,0.03740398268280196,0.05839707953664328,0.01628368202988067,0.07356172133333116,0.023872263481610388,0.07821859752745575
0.03691505166361268,0.03222233636272836,0.03223597886553583,0.03272359457038564,0.035860061965844015,0.05820092363643518,0.0380050171002128,0.058075482031614924,0.01777131355211717,0.07397422959380805,0.024799199648662215,0.07811560142837307
0.037156598045451524,0.031943500460794035,0.03262536246325032,0.03244442007544685,0.03677735321424736,0.057940734416697975,0.038604137853417236,0.057747665812583705,0.01924221325938672,0.0743272797134788,0.02572655702272019,0.07800026840950597
0.037395695930023794,0.03166325829584192,0.033012736606774486,0.032160905220703924,0.03767395433305117,0.05766176925822483,0.03920119647629251,0.057413686541646865,0.020695799344857584,0.0746247363688714,0.02665389341347405,0.07787255224455877
0.03763233782116504,0.03138163714839797,0.033397969642107964,0.03187311468782832,0.03855067027288351,0.057365414116116134,0.03979604793076083,0.057073602663505855,0.022131608653477283,0.07487011107259445,0.02758077606923702,0.07773242967156865
0.037866518520287905,0.031098661951162676,0.03378093347743245,0.03158111579140772,0.03940824224392303,0.05705291185286433,0.04038855062233864,0.05672747528272059,0.023549272612882033,0.07506660337464074,0.028506782196849934,0.07757989910066221
0.0380982318728949,0.030814359122966282,0.034161503662498066,0.03128497833761721,0.040247354044783634,0.05672538522943872,0.04097856640166333,0.05637536804384307,0.024948509401301416,0.07521714968215105,0.02943149943973177,0.07741497936574415
0.03832746392859402,0.030528765268224074,0.03453955945849969,0.030984774481257825,0.04106862559672641,0.056383862110223365,0.04156596055285755,0.05601734701508276,0.026329087194140607,0.07532445364477419,0.030354526314597285,0.07723770851815723
0.03855421166358646,0.0302419040901755,0.03491498389858953,0.030680578581652844,0.041872638053982066,0.05602926623312308,0.04215060176964978,0.0556534805760946,0.02769083409713177,0.07539099230621546,0.03127547260739614,0.07704814266046275
0.03877846881893784,0.02995380369934119,0.03528766383920102,0.03037246705787635,0.04265994173078011,0.05566244364848348,0.04273236212022263,0.05528383931041502,0.029033654624667192,0.07541907037729983,0.032193959729083774,0.07684635481863988
0.03900023018900547,0.029664491318824048,0.03565749000238809,0.03006051824376762,0.043431037776699065,0.05528417016382202,0.04331111700181477,0.0549084959029987,0.03035747452777217,0.07541081777280817,0.03310962103191433,0.0766324338511725
0.039219484952227886,0.029374002112105366,0.0360243570094052,0.029744812243168765,0.04418638801608391,0.05489516732755463,0.043886745086138323,0.05452752504324059,0.0316622466357211,0.07536821992565743,0.03402210208702093,0.0764064833936732
0.03943623818740841,0.029082350620711375,0.03638816340577835,0.029425430785799477,0.044926456772165745,0.0544960772244896,0.044459128256718425,0.054141003333788094,0.03294800441959332,0.07529311257179697,0.03493106092413808,0.07616862083786274
0.039650472997435585,0.028789581293927002,0.03674881167813542,0.029102457084162002,0.04565162942088166,0.05408752827745378,0.045028151539286396,0.05374900920537271,0.03421472991561034,0.07518722803139162,0.03583616823440674,0.07591897634388722
0.03986218925074067,0.028495716663002792,0.037106208263082176,0.028775975691846735,0.04636230286597669,0.05367007907774973,0.045593703026385005,0.05335162283781029,0.035462485657470524,0.07505217403640972,0.036737107537280926,0.07565769188509833
0.04007138307287507,0.028200784716509254,0.037460263548423765,0.028446072363586726,0.04705883864847826,0.05324425621266912,0.046155673797355225,0.05294892608724059,0.0366913293043368,0.07488945775941244,0.03763357531262773,0.07538492032455052
0.04027805092868941,0.027904813444742868,0.03781089186704742,0.02811283391738329,0.0477415861280159,0.05281054857399401,0.04671395783488634,0.05254100241959212,0.03790135836783085,0.07470049872532336,0.03852528109918346,0.0751008245225733
0.040482190057686745,0.027607830196039098,0.03815801148378849,0.027776348099004276,0.04841087141235635,0.05236941358596218,0.04726845193930289,0.052127936850182834,0.039092671731220774,0.07448662757648289,0.03941194756057532,0.07480557647486677
0.040683792281347844,0.027309870845687673,0.03850154457561373,0.027436703449130663,0.0490669933832652,0.05192128972564686,0.04781905564175561,0.051709815889283924,0.04026537478476161,0.07424910892158437,0.04029331052016445,0.07449935648063519
0.04088286402658928,0.027010950168096876,0.03884141720546049,0.027093989173404075,0.04971025570543444,0.05146656621325622,0.04836567111746027,0.051286727493399124,0.04141960268908093,0.07398911208539129,0.04116911896599887,0.07418235234032777
0.04107939757580238,0.026711104335260305,0.0391775592900754,0.02674829501560428,0.05034093628110515,0.05100562842630145,0.04890820310009831,0.050858761021935685,0.042555496850061734,0.07370776341104582,0.04203913502717693,0.07385475858258897
0.041273391128419164,0.026410361314463893,0.03950990456219835,0.02639971113416286,0.05095929165566987,0.05053883683564435,0.049446558798452125,0.0504260071988737,0.04367318330729732,0.0734061196898834,0.042903133922933226,0.0735167757200477
0.0414648425997311,0.02610875003096712,0.039838390527439906,0.026048327982195717,0.05156556970142319,0.050066531898601344,0.04998064781629906,0.0499885580789718,0.044772808865140734,0.07308518520892919,0.043760903885751386,0.07316860953358284
0.041653753242571354,0.02580629459660911,0.04016295841619784,0.02569423619121599,0.05216002580076556,0.049589024400669354,0.05051038207652539,0.04954650701798829,0.045854552862985086,0.07274590266676814,0.04461224605978937,0.07281047038470809
0.04184011583014532,0.025503033296453644,0.04048355313095795,0.02533752645866629,0.05274287236848847,0.04910663259540836,0.0510356757503541,0.049099948646339577,0.04691855081205603,0.07238918568580796,0.045456974375878645,0.07244257255571246
0.04202393356100484,0.025198988234852827,0.04080012318932009,0.02497828943938949,0.05331433793781313,0.04861963658215842,0.05155644519249898,0.04864897884557134,0.04796498261205569,0.07201588409321862,0.04629491540432335,0.07206513361718447
0.04220520515507829,0.024894189238007996,0.04111262066308625,0.024616615641135646,0.053874634657866294,0.04812831102213104,0.052072608882972465,0.048193694726975676,0.04899402296660172,0.07162681373015675,0.047125908186678916,0.07167837382253262
0.0423839285537095,0.024588668128917607,0.04142100111374069,0.024252595324185992,0.05442395523787942,0.047632924624723155,0.052584087376175113,0.04773419461165888,0.05000582629828767,0.07122275583804771,0.047949804047643846,0.07128251552910217
0.04256010137469878,0.02428245809170405,0.04172522352464686,0.02388631840515342,0.054962495609203146,0.04713372976861369,0.05309080325779663,0.047270578011337556,0.05100057320016836,0.0708044536870913,0.048766466388143644,0.07087778264546904
0.04273372417882763,0.02397558795541589,0.04202525023027693,0.023517874365004098,0.05549044321155139,0.046630965231465454,0.053592681109945466,0.04680294560913153,0.05197844028723672,0.07037261293038487,0.049575770460629234,0.07046440010447921
0.04290479788136629,0.023668086503963667,0.04232104684278137,0.023147352161327246,0.056007982952020585,0.04612485699760728,0.05408964748481309,0.0463313992396173,0.05293961790123732,0.06992790587616761,0.050377603127553815,0.07004259336158719
0.04307332987545685,0.023359971178066038,0.04261258217619776,0.022774840144863896,0.05651529674834525,0.045615611510084586,0.05458163088706141,0.04585604186741233,0.053884292267573755,0.06947096343417408,0.05117186260393727,0.06961258791803593
0.04323931221733214,0.023051288011130135,0.04289982816858674,0.022400425980293008,0.05701254178822246,0.04510345677494002,0.05506856176500207,0.045376977563580535,0.05481263630666409,0.06900241942757851,0.051958458184869855,0.06917460886841523
0.04340275548538529,0.0227420495179273,0.043182759802374016,0.022024196571257086,0.05749989585865112,0.04458857403091193,0.05555037251051909,0.0448943114791741,0.05572484941021836,0.0685228425617425,0.05273730995875508,0.06872888047212763
0.04356365600770606,0.02243229536276339,0.04346135502316558,0.021646237989599283,0.05797751332200543,0.04407116588141612,0.056026997467565294,0.04440814981526762,0.05662112098824311,0.06803280605559683,0.05350834850704952,0.06827562574829607
0.04372201832505796,0.022122050392838738,0.043735594657293174,0.02126663540877021,0.05844554537343338,0.04355141695500658,0.0564983729489505,0.04391859978888526,0.057501622656701924,0.0675328474774929,0.05427151459121172,0.06781506609364607
0.043877844704086295,0.021811344390570846,0.04400546232833468,0.020885473041354012,0.058904145852638805,0.04302950344815663,0.0569644372610266,0.04342576959428034,0.05836655265890473,0.06702348172517544,0.05502675882754373,0.0673474209229076
0.044031138302882904,0.021500206039766184,0.044270944372843665,0.020502834080651296,0.059353465723403734,0.04250559302545048,0.05742513073577137,0.04292976835908905,0.059216104973498135,0.06650519993940608,0.05577404135058509,0.06687290733128995
0.04418190095694687,0.021188667438763985,0.044532029755509676,0.020118800646249817,0.05979363832034305,0.0419798592395324,0.057880395769674194,0.04243070609495359,0.060050447350797134,0.06597848522357318,0.05651333146570057,0.06639173977859922
0.044330138675255426,0.020876752741569353,0.044788709983960104,0.019733453733504137,0.06022481021622919,0.04145245240414604,0.0583301768687411,0.04192869364228593,0.06086978589137064,0.06544378430503216,0.05724460729150451,0.06590412979458518
0.044475851972784336,0.020564498323445084,0.04504097902340213,0.019346873166839383,0.06064711001730656,0.04092353595437143,0.058774420698856626,0.04142384260892743,0.061674288739303945,0.06490154470975135,0.057967855392761995,0.0654102857051225
0.04461905117679192,0.020251920207299448,0.04528883321129207,0.01895913755678707,0.06106067999879526,0.04039324195338824,0.05921307614067658,0.04091626530254392,0.06246415909043896,0.06435217027748735,0.05868307040443011,0.06491041237885287
0.04475973483101701,0.019939060606183112,0.04553227117220773,0.01857032426065667,0.06146564191416752,0.03986172781037898,0.05964609434816883,0.04040607465668617,0.06323957503930316,0.0637960788830015,0.05939025464752056,0.06440471099393608
0.044897907263951896,0.019625950252601165,0.04577129373308823,0.01818050934673998,0.06186211716207798,0.039329137368708064,0.06007342880988276,0.03989338415053147,0.064000704614263,0.06323366505091414,0.060089417737503516,0.06389337882457657
0.0450335808683299,0.01931260195249701,0.04600590383899438,0.017789767561943337,0.06225024583496072,0.038795580354855995,0.06049503541199717,0.039378307722413054,0.06474776014678475,0.06266527709072246,0.06078057618601176,0.06337660904701464
0.04516675792226243,0.018999052049819342,0.04623610646953228,0.017398172302737637,0.06263014117358655,0.038261197449991464,0.060910872502186,0.03886095967732794,0.0654809063943573,0.0620912863641362,0.06146375299665679,0.06285459056468704
0.04529744283532685,0.018685333087218352,0.04646190855607137,0.017005795589314518,0.06300192175885981,0.037726116318119784,0.06132090095333977,0.038341454588696734,0.06620033227477058,0.06151204010030052,0.062138977255821064,0.06232750785227718
0.04542564674490995,0.018371462048695313,0.046683318899878826,0.016612708042833935,0.06336571270347686,0.03719044271721901,0.06172508422619615,0.03781990719472566,0.06690622991307107,0.06092785491586794,0.06280628371935346,0.061795540818386084
0.045551372432257056,0.018057476831988793,0.04690034809128114,0.016218978865647965,0.06372162339334589,0.03665430398102286,0.06212338842995755,0.037296432289793645,0.06759877669984297,0.06033906030735898,0.06346571239615673,0.06125886468656352
0.04567462589473779,0.01774340861773038,0.04711300842995477,0.01582467582438335,0.06406976116243553,0.03611782013165655,0.06251578238001412,0.03677114461135012,0.06827813370471292,0.05974597284289078,0.06411730812972108,0.060717649894439445
0.04579541638798192,0.01742928104803398,0.047321313846438146,0.015429865235765401,0.06441024432351701,0.03558109034987556,0.06290223765193922,0.03624415872286627,0.0689444973454402,0.05914887661700681,0.06476112017872196,0.06017206201069369
0.04591375257227046,0.01711511976973365,0.047525279824947725,0.015034611955066043,0.06474318533391553,0.03504421517007908,0.06328272863098353,0.03571558889343044,0.0695980460409481,0.058548051612568874,0.0653972017978601,0.059622261669593994
0.04602963897519112,0.01680096234784087,0.04772492332757347,0.014638979367058096,0.06506867948550382,0.03450731534462345,0.0636572325563633,0.035185548974615906,0.07023893221715767,0.05794379303839872,0.06602560982018113,0.0590684045228168
0.0461430864784171,0.01648683020611669,0.04792026271991911,0.014243029379359673,0.06538684360019865,0.03397047432963629,0.06402572955971186,0.03465415227527934,0.07086735803962976,0.05733634605485098,0.06664640424216198,0.058510641208246096
0.04625410446082987,0.016172749318734837,0.048111317698246336,0.013846822418052636,0.0656977813654109,0.033433787191072116,0.06438820269714626,0.03412151143496695,0.07148348658382674,0.05672596646063803,0.0672596478128919,0.05794911733541907
0.04636270138268938,0.015858749020637553,0.048298109218173166,0.013450417425461075,0.06600159578932219,0.03289734715795878,0.06474463797448526,0.03358773829661469,0.0720874952394265,0.05611289858115827,0.06786540562871324,0.057383973487256164
0.046468883305753717,0.015544866815648296,0.048480659424970464,0.013053871859977015,0.06629837858041471,0.03236126111264899,0.06509502436524217,0.03305294377923041,0.07267953930942124,0.055497397085420785,0.06846374473470535,0.05681534523767657
0.046572663480372284,0.01523111999637578,0.04865899158549347,0.01265724169782255,0.06658823909562954,0.03182559898156598,0.06543935382110735,0.03251723775123564,0.07325979714670885,0.05487967266000898,0.06905473373440685,0.0562433631846584
0.046674053251850894,0.014917531734284579,0.048833130021778644,0.012260581436639661,0.06687127846878346,0.031290439036792066,0.06577762127472223,0.031980728905127785,0.07382844708812208,0.054259936306042214,0.06963844240916536,0.05566815299825866
0.04677305739595569,0.014604146734220218,0.04900310004633043,0.011863944100801445,0.0671475829926652,0.030755886786271242,0.06610982463463597,0.03144352463409842,0.07438563408613731,0.05363842633869608,0.07021494134848727,0.05508983548305874
0.046869693781249964,0.01429096934612409,0.04916892789911671,0.011467381248340493,0.06741726091185155,0.030221992069522023,0.06643596477242,0.030905730911210134,0.07493155107868578,0.05301531221575387,0.0707843015927277,0.054508526654451155
0.046963969123098755,0.013978040070218238,0.04933064068628624,0.011070942979393351,0.06768040052334418,0.029688847498193578,0.06675604550199743,0.030367452171695182,0.07546634375241472,0.05239080970487718,0.0713465942894086,0.05392433782813113
0.047055893470758815,0.013665390212818575,0.049488266320616536,0.010674677946062375,0.06793709055962187,0.02915653633362117,0.06707007355132155,0.029828791198894748,0.07599017024657669,0.05176511673035453,0.0719018903643952,0.05333737572210454
0.047145480110695734,0.013353041044346139,0.04964183346369624,0.010278633363599153,0.06818742921934895,0.028625119413345168,0.06737805852660819,0.02928984901430739,0.07650319793065957,0.05113840417456976,0.0724502602090783,0.05274774257047194
0.047232742495559005,0.013041013624263069,0.04979137146984099,0.009882855022816932,0.06843151004952577,0.02809465950135496,0.06768001286939282,0.028750724772161708,0.07700559128595269,0.050510839616422554,0.07299177338462098,0.052155536248199345
0.047317689998757025,0.012729344569989849,0.049936910331738714,0.009487387303641868,0.06866941816476145,0.02756523700438871,0.06797595180674165,0.02821151565887175,0.07749749689462983,0.04988260750225977,0.07352649834422123,0.051560850406039034
0.04740033602074894,0.0124180572200361,0.05007848062781567,0.009092273189716879,0.06890124397054817,0.027036913445276853,0.06826589329499863,0.027672316797674103,0.07797907806667627,0.049253864814066725,0.07405450217422621,0.05096377461472213
0.047480694951764886,0.012107171713387438,0.05021611347131204,0.008697554283973695,0.06912708032722355,0.026509740934784334,0.0685498579574961,0.027133221158684682,0.07845049864516411,0.04862475553728212,0.07457585035480477,0.050364394517505316
0.047558779592194775,0.01179671495379277,0.05034984046105175,0.00830327082509353,0.06934701007987122,0.025983786963756153,0.06882786901669286,0.026594319474553506,0.07891189493077073,0.04799544246235582,0.07509060654074759,0.0497627919901251
0.04763460161301662,0.011486719687064469,0.050479693633889315,0.007909461704778,0.06956111902925714,0.025459115115025313,0.06909995222123941,0.026055700161830585,0.07936342547199457,0.04736607264916658,0.07559883236282139,0.04915904530718456
0.04770817594924686,0.011177206609690281,0.05060570541881308,0.007516164485756739,0.06976949386821925,0.024935776727185326,0.06936613576849035,0.025517449248098227,0.07980524311168449,0.04673677984911269,0.07610058724995003,0.04855322931398411
0.04777951812677159,0.010868194310625147,0.050727908592682405,0.007123415420460015,0.06997222350568837,0.02441381456089787,0.06962645022300701,0.024979650304860677,0.08023750247685742,0.04610768576094132,0.07659592827234457,0.04794541560279495
0.04784863942799287,0.010559720871780968,0.05084633623757401,0.006731249470288435,0.07016938189909161,0.023893304618804453,0.06988092843160457,0.02444238438612458,0.08066033837287434,0.045478944110494204,0.07708491000554568,0.04733567269257625
0.04791555374140498,0.010251814944415035,0.05096102169971064,0.006339700325414678,0.07036105324067901,0.02337429764503572,0.07012960543550589,0.023905729972543387,0.08107389681257843,0.044850679616960445,0.07756758441518663,0.04672406621114387
0.04798028104305661,0.009944477413585008,0.051071998549943876,0.005948800425055058,0.0705473277456773,0.022856812722185715,0.07037251838017047,0.02336976292094,0.08147834197802414,0.044222975874521495,0.07804400076212709,0.04611065907881667
0.048042831911864835,0.009637753985670202,0.0511793005457609,0.00555858097815181,0.07072827780262061,0.022340924642541338,0.07060970642336165,0.022834556418968414,0.08187379539029765,0.04359598139858839,0.07851420552746288,0.045495511692594075
0.04810322243871417,0.009331666036222347,0.05128296159478426,0.00516907198441003,0.07090398451634543,0.021826674986969538,0.07084121064201793,0.022300180944614063,0.08226040947926927,0.04296979708521889,0.07897824235676004,0.04487868210995453
0.04816146932995801,0.009026232435491235,0.05138301571973215,0.004780302255635374,0.07107453027720262,0.0213140979144039,0.07106707393848297,0.02176670423018042,0.08263833107311565,0.04234451662522469,0.07943615202272902,0.044260226231409856
0.04821758799945269,0.008721479663167065,0.05147949702480574,0.004392299437322826,0.07123999032855323,0.02080324240694852,0.0712873409466433,0.02123419123035259,0.08300769241829076,0.04172024954294164,0.07988797240541387,0.043640197981007774
0.04827159398255798,0.008417435142789776,0.05157243966346962,0.0040050900304472725,0.07140044093378095,0.02029415349033442,0.07150205793851583,0.020702704093867937,0.08336862599111829,0.04109709910948479,0.08033373848884792,0.04301864948403427
0.048323506056288164,0.008114108849891116,0.05166187780759019,0.0036186994134118564,0.07155596451477068,0.0197868494867289,0.07171127273181618,0.020172302138269697,0.08372128117021645,0.04047513290205203,0.08077348237300463,0.042395631241245034
0.04837333847673765,0.007811537916119501,0.05174784561789687,0.0032331518641105852,0.07170662872021279,0.019281392597576805,0.0719150345990334,0.019643041827151923,0.08406577546201625,0.039854469465526544,0.08120723329976365,0.041771192299031555
0.04842110912756426,0.007509739732941031,0.05183037721573005,0.0028484705820650963,0.07185251216743271,0.01877780751687115,0.07211339417853191,0.01911497674923856,0.08440224922655873,0.03923518026477794,0.08163501769150439,0.041145380415018494
0.04846683476049709,0.007208739716390898,0.05190950665603971,0.0024646777105978845,0.0719936879019217,0.01827613242026829,0.07230640338819869,0.01858815759856384,0.08473083381533898,0.038617349541677656,0.08205685920084219,0.04051824221868525
0.048510532208364876,0.006908564602085902,0.05198526790159842,0.002081794359006149,0.07213022960851233,0.01777640223086319,0.07249411534215747,0.018062632154937718,0.085051659999882,0.03800105640938966,0.08247277876992928,0.039889823366709536
0.04855222012929741,0.006609229948810011,0.052057694798392055,0.0016998406247030404,0.07226220890291427,0.017278645694527445,0.07267658427108084,0.01753844526378169,0.08536485007258295,0.03738637541170098,0.08288279469764753,0.03926016869284323
0.048591915813899544,0.00631076204074435,0.05212682105215196,0.0013188356152952635,0.07238969688504077,0.01678289726189351,0.07285386544664788,0.017015638814309862,0.08567053586410356,0.036773377896740844,0.0832869227129312,0.03862932235225528
0.048629637807232735,0.006013179420020694,0.0521926802059919,0.0009387974705676178,0.07251276867876033,0.016289173764778075,0.07302601511072115,0.01649425171489586,0.08596885120754873,0.036162116248930634,0.08368517605236186,0.03799732796040551
0.04866540444619676,0.005716503309549662,0.052255305619113825,0.0005597433843476871,0.07263149169613288,0.015797508315423297,0.07319309040985841,0.01597431986430535,0.08625991565912483,0.03555266106818496,0.08407756554006648,0.03736422872666103
0.04869923405592563,0.0054207566230345325,0.05231473044654597,0.0001816896262251816,0.07274593660776327,0.015307924892233036,0.07335514933582668,0.015455876117282538,0.08654385256700109,0.03494507120176107,0.08446409966783666,0.03673006758302184
0.04873114571624936,0.005125957196628902,0.0523709876198778,-0.00019534843689707204,0.07285617156067087,0.014820446765760126,0.07351225067286274,0.014938950242740959,0.08682078795097956,0.034339398814257044,0.08484478467323595,0.03609488730850067
0.04876115807289755,0.004832128246424999,0.0524241098289563,-0.0005713563194428908,0.07296226425924135,0.014335099326950887,0.07366445395252222,0.014423568872517827,0.08709084114117009,0.03373570022721758,0.08521962461329038,0.03545873064989722
0.04878929013360175,0.004539291603238498,0.052474129504508256,-0.0009463203960120986,0.07306428005740137,0.013851910150104185,0.07381181941709089,0.013909755438287777,0.08735412073438868,0.033134037974240166,0.08558862143112564,0.03482164043993762
0.048815561819089685,0.0042474609223197585,0.05252107880165409,-0.0013202278804589698,0.0731622888453098,0.013370885888346671,0.07395440799269884,0.013397530093781126,0.0876107544335327,0.03253444093812642,0.08595177501263729,0.03418365971400849
0.048839992403302196,0.003956657938890308,0.05256498958427902,-0.0016930668052158315,0.07325635534355168,0.012892049411568579,0.07409228127350093,0.012886909618878839,0.08786085657115937,0.03193695801971909,0.0863090832299003,0.033544831827032225
0.048862600815537546,0.003666911717157862,0.05260589341022755,-0.0020648260008776856,0.07334654045524235,0.01241543729117842,0.07422550151857071,0.012377907301432595,0.08810453221749304,0.03134165400623642,0.08666054196753903,0.032905200572405306
0.048883407507966985,0.0033782348068240034,0.05264382151728843,-0.0024354950760617153,0.07343291323226889,0.011941047936425062,0.07435413166352428,0.01187053279173754,0.08834190966218242,0.030748541800649124,0.08700614512764601,0.032264810305385395
0.04890243293999297,0.003090639504939201,0.05267880480993715,-0.002805064397554388,0.07351553538293179,0.011468896372175911,0.07447823534937675,0.011364791923387865,0.08857309150406582,0.03015766314954512,0.0873458846079771,0.03162370607389558
0.04891969698639434,0.0028041481343467896,0.05271087384680403,-0.003173525070757792,0.0735944718535172,0.010998993176005733,0.07459787697175932,0.010860686492710853,0.08879819935898783,0.02956904083182492,0.08767975024704291,0.030981933760448034
0.048935219882803735,0.002518780463170582,0.05274005882883632,-0.003540868920445542,0.07366978243678131,0.01053135902836232,0.07471312175446326,0.010358213986942193,0.08901733471635186,0.028982717759519463,0.08800772972818985,0.030339540239844552
0.04894902246387504,0.002234546896141903,0.05276638958812336,-0.003907088471837343,0.0737415306544162,0.010065992332455004,0.07482403585237263,0.009857367248649752,0.08923061276188585,0.028398704501364,0.08832980843275809,0.02969657355855309
0.048961124772962744,0.0019514766117928416,0.052789895577354674,-0.0042721769320005,0.07380977439832305,0.009602921690735832,0.07493068649033521,0.009358134060331175,0.08943813584077155,0.02781704584272813,0.08864596922961893,0.029053083143319607
0.04897154651753737,0.001669620220491451,0.0528106058598811,-0.004636128171585832,0.07387461677022314,0.009142042317094227,0.07503314214650944,0.00886049662832196,0.08964019694735487,0.02723752467260028,0.08895619218464923,0.028409120048794707
0.04898031051982823,0.00138894974034504,0.05282854910034999,-0.004998936706903885,0.07393606457091881,0.008683491517693109,0.07513147279147406,0.008364430938562421,0.08983667228466613,0.026660439933192306,0.08926045416843426,0.02776473725700781
0.0489874378295199,0.0011094750555658377,0.052843753555886004,-0.0053605976823471665,0.07399416887631802,0.008227297921660688,0.07522575019816949,0.007869905947704495,0.09002763088876359,0.026085855979226948,0.08955872833318773,0.027119990045730895
0.048992949461209384,0.0008312058056723304,0.052856247067789804,-0.005721106853163009,0.07404898064499588,0.007773489386535265,0.07531604834308325,0.007376882560267091,0.09021314191140087,0.025513835791091538,0.08985098341943634,0.026474936448718657
0.048996866392039505,0.0005541513878263276,0.052866057053727204,-0.006080460568580907,0.07410055070766174,0.007322093008554322,0.0754024439267055,0.006885312324365005,0.09039327459495157,0.024944440988677034,0.0901371828379984,0.02582963783930565
0.04899920955937639,0.0002783209591786335,0.05287321050038241,-0.006438655755297465,0.07414892975688576,0.006873135132981341,0.07548501705235044,0.00639513575214002,0.09056809824783542,0.02437773184543964,0.09041728345074407,0.025184159681216393
0.04899999985853062,3.7234392227286266e-06,0.05287773395654919,-0.006795689901321553,0.07419416833708134,0.00642664136446523,0.07556385211884772,0.005906280131953934,0.09073768222044169,0.023813767302672015,0.09069123394064524,0.024538572508834185
